{
  "project_info": {
    "project_number": "370513083455",
    "project_id": "coding-puzzles",
    "storage_bucket": "coding-puzzles.appspot.com"
  },
  "client": [
    {
      "client_info": {
        "mobilesdk_app_id": "1:370513083455:android:6aaa0682b6a78d87f30c8a",
        "android_client_info": {
          "package_name": "com.example.coding_puzzles"
        }
      },
      "oauth_client": [
        {
          "client_id": "370513083455-kpg9pif686e5a6oq6tm98laeg9euqeje.apps.googleusercontent.com",
          "client_type": 3
        }
      ],
      "api_key": [
        {
          "current_key": "AIzaSyDL13mzelTKap8yip6qfzQdj4wWc7VHYwI"
        }
      ],
      "services": {
        "appinvite_service": {
          "other_platform_oauth_client": [
            {
              "client_id": "370513083455-kpg9pif686e5a6oq6tm98laeg9euqeje.apps.googleusercontent.com",
              "client_type": 3
            }
          ]
        }
      }
    }
  ],
  "configuration_version": "1"
}